Module_code,Module_name,Module_term,type
IDR,Fiveclub,kmacgiany0
IDR,Realblab,mtrowle1
PHP,Bubblemix,bcolvin2
CNY,Shuffledrive,wdilleway3
SYP,Divavu,ebeen4
IDR,Mycat,afarnfield5
CNY,Fatz,arentalll6
EUR,Twitterlist,ftripony7
SEK,Skibox,hmackro8
IDR,Jaxspan,amarchelli9
PHP,Realbridge,ftattershalla
IDR,Fiveclub,ashellibeerb
HRK,Zoomcast,mgammonsc
RUB,Bubblebox,bbarnhartd
SYP,Cogidoo,psavinse
RUB,Babbleopia,shorbartf
MXN,Trilia,ejoncicg
EUR,Voolia,cumanh
CNY,Voomm,btomblesoni
RSD,Topicware,ybowcherj
ARS,Eire,vbeamsk
CNY,Eire,dmickanl
EUR,Meevee,lstonmanm
GTQ,Viva,hreynishn
KZT,Twitternation,bcaustono
USD,Quimba,bratleep
YER,Twimbo,ldaykinq
LYD,Devify,bviantr
EUR,Vidoo,lgolightlys
PHP,Wordware,kbradent
BOB,Thoughtblab,geayresu
ALL,Shuffledrive,rspellsworthv
CNY,Tagtune,mfishbournew
MGA,Edgewire,jmougelx
CNY,Devpoint,kwikey
BRL,Livetube,cmcgoonz
EUR,Yozio,amcilenna10
CNY,Zoomcast,lcastro11
CNY,Kazu,hmatschek12
ARS,Youtags,stee13
PLN,Realbuzz,clammers14
CNY,Realfire,dgotliffe15
EUR,Mycat,iscrauniage16
GEL,Quinu,haddington17
CNY,Zoombox,lgori18
CNY,Buzzshare,ppreskett19
SYP,Skinder,lchmarny1a
CNY,Feedfire,jgirauld1b
CNY,Divape,gholmyard1c
PHP,Topicblab,aslatten1d
EUR,Brainbox,colanda1e
JPY,Leexo,jscrine1f
ARS,Reallinks,tciobotaro1g
RUB,Kimia,rreaney1h
CNY,Trilith,fgurney1i
RUB,InnoZ,lwooderson1j
EUR,Livepath,thoofe1k
HNL,Shufflebeat,mklehyn1l
EUR,Bluejam,dfearneley1m
IDR,Twinder,fweekly1n
MXN,Youtags,cpealing1o
NZD,Avamba,raddicote1p
BRL,Babblestorm,kdenslow1q
PHP,Pixoboo,vgrebner1r
IDR,Trilia,lwalenta1s
CAD,Zoomdog,creynoollds1t
CNY,Trilith,eleming1u
COP,Yacero,swickey1v
MYR,Skynoodle,gsieve1w
PEN,Dabtype,pdedmam1x
CNY,Lazz,lcahill1y
CNY,Topicblab,omegany1z
CNY,Lajo,lbettington20
IDR,Browsetype,bkain21
BRL,Youspan,dkennard22
PLN,Fivespan,fmandal23
CNY,DabZ,crobbert24
PHP,Gigaclub,ahaseley25
BDT,Quimba,mmcnally26
EUR,Thoughtmix,kkeedwell27
UZS,Wikido,mpigeram28
NIO,Browsezoom,norto29
HRK,Brainbox,megentan2a
CNY,Ntag,ofrantzen2b
CNY,Yabox,anavarro2c
EUR,Devpulse,imonckton2d
PHP,Voonyx,bscalia2e
UZS,Skalith,rdeverick2f
CNY,Devshare,mwright2g
JPY,Realbuzz,msaunder2h
USD,Thoughtworks,spaur2i
PHP,Dynabox,ncordero2j
VEF,Buzzdog,nraper2k
MXN,Jetwire,dgoligher2l
CNY,Buzzshare,dsirr2m
CNY,Trudoo,gachurch2n
ALL,Meevee,trehn2o
RUB,Fivespan,amcrobert2p
VND,Oyope,adundridge2q
CNY,Devshare,dorans2r
CNY,Photobean,acornejo2s
MAD,Lazzy,cgisby2t
CNY,Geba,cbeckhurst2u
NZD,Gigaclub,pbastone2v
IDR,Cogibox,pdemetr2w
IDR,Bubblemix,spilbeam2x
IDR,Aimbu,fdankov2y
CAD,Lazzy,dfaithorn2z
USD,Flashdog,lwignall30
CNY,Eare,bbloss31
EUR,Oozz,awoodruff32
CNY,Yombu,bpresley33
EUR,Buzzster,bclemens34
PHP,Meemm,savramovic35
XOF,Riffpedia,hpalfrey36
CNY,Quinu,gehrat37
PLN,Minyx,gberkely38
UAH,Buzzster,ahuban39
RUB,Divanoodle,mmackett3a
CNY,Gabtype,gbramer3b
CNY,Ozu,lpatullo3c
AZN,Linkbuzz,cscartifield3d
IDR,Thoughtblab,prawstron3e
EUR,Skyble,nburbridge3f
EUR,Wikido,dpeperell3g
UYU,Yombu,cguiton3h
KZT,Jetpulse,alanchbery3i
IDR,Skilith,fjaukovic3j
PHP,Flashset,lkobpa3k
CNY,Innotype,zblezard3l
PHP,Teklist,blocarno3m
CNY,Voolia,ginnot3n
BRL,Youbridge,smackee3o
CNY,Jaxworks,dstarrs3p
MYR,Zooxo,clicari3q
CNY,Twitternation,dhuggett3r
UGX,Leexo,hmaple3s
BRL,Flipopia,atomek3t
CUP,Thoughtstorm,blambal3u
PHP,Twinte,lmatts3v
SEK,Skibox,bhannen3w
MMK,Blognation,cperl3x
EUR,Dabshots,sforward3y
CNY,Meevee,gdagger3z
IDR,Quatz,xluckie40
GTQ,Browsebug,twycliffe41
IDR,Twitterbeat,kalyoshin42
CNY,Linklinks,dpfeiffer43
SEK,Tagtune,aharford44
CNY,Quimm,solder45
NZD,Photojam,cpitrelli46
PHP,Flashset,lsandilands47
BSD,Quimba,ehaynes48
IDR,Reallinks,dbilbie49
CNY,Youtags,ghodcroft4a
IDR,Rhyloo,cwhisson4b
CZK,Dabvine,cscholar4c
PAB,Mynte,fbrothers4d
CNY,Dynabox,bsivills4e
CNY,Skalith,sfaers4f
UAH,Buzzbean,bwheelan4g
CNY,Oyoyo,tahrendsen4h
MMK,Aimbo,ccormack4i
MZN,Yakitri,mhucknall4j
TJS,Twitterbeat,aondracek4k
UAH,Topicstorm,mdmtrovic4l
CNY,Meezzy,zperch4m
BRL,Zoovu,fmclugaish4n
KZT,Topicshots,orevely4o
COP,Edgeify,lmico4p
IDR,Eayo,nfarrow4q
IDR,Podcat,hteulier4r
CZK,Youtags,jstretton4s
PHP,Youtags,bfirle4t
PKR,Thoughtbridge,geich4u
CNY,Thoughtbeat,mwyldish4v
UGX,Leenti,ameins4w
CNY,Tazz,gbowen4x
PHP,Youbridge,abatcheldor4y
EUR,Einti,relbourn4z
ARS,Fadeo,acomusso50
KZT,Realmix,ltugman51
RSD,Brainlounge,mparkman52
ARS,Meeveo,ffoucher53
ILS,Midel,lweavers54
PHP,Wikizz,ddreier55
CNY,Meevee,whitcham56
BSD,Livepath,cbrehault57
SEK,Twitterlist,mogley58
SAR,Cogilith,agonnin59
KES,Einti,cardling5a
CNY,Npath,smarchington5b
SEK,Thoughtblab,tmccarlich5c
RUB,Kwinu,cguiso5d
IDR,Gigaclub,amulvihill5e
ARS,Quatz,wlindores5f
LYD,Gabtune,eroscher5g
IDR,Babblestorm,hlayfield5h
CNY,Realblab,tstedson5i
GTQ,Quatz,mmulrenan5j
CNY,Shufflester,aorcott5k
VND,Quire,akarpenya5l
JPY,Skyndu,emcgrail5m
PHP,Kamba,vstoven5n
CNY,Livepath,jsmythe5o
IDR,Innotype,cspeakman5p
RUB,Gigashots,lbenzie5q
COP,Devshare,rbohl5r
CNY,Skyba,cstearley5s
SEK,Yambee,hellett5t
BRL,Buzzshare,tashford5u
SEK,Edgeclub,cbaigent5v
GBP,Youfeed,jcavozzi5w
OMR,Voonder,jpostans5x
IDR,Wordware,speckett5y
CNY,Youspan,bcallender5z
CLP,Voomm,lkeene60
IDR,Tagchat,sfronks61
MKD,Photofeed,obeahan62
CUP,Skalith,bfould63
PHP,Skinte,pdirocca64
CAD,Roomm,dbeatey65
THB,Gabcube,hwilloughby66
CNY,Feedbug,efurber67
UAH,Kwimbee,idwerryhouse68
EUR,Fiveclub,mjordin69
BRL,Eire,bmunro6a
JPY,Twitterworks,mbeverstock6b
AMD,Meetz,ymacginley6c
EUR,Dabshots,cfullicks6d
COP,InnoZ,byakolev6e
RUB,Skinder,nrapo6f
CNY,Gigaclub,smattusevich6g
ZAR,Janyx,vburdis6h
CLP,Dabjam,amarle6i
THB,Brainsphere,sohoey6j
BAM,Gevee,kabbati6k
CNY,Dabshots,krosebotham6l
THB,Quire,ndiclaudio6m
IDR,Jaxworks,lmishaw6n
IDR,Yodo,ghammonds6o
CNY,Kare,tmartensen6p
MUR,Minyx,cpetriello6q
COP,Wordtune,wgoodluck6r
CNY,Gabtype,fhammelberg6s
EUR,Twinte,htapply6t
EUR,Skivee,gahrend6u
RUB,Zoonoodle,sroyal6v
CNY,Mydo,ceggleston6w
MYR,Yata,bpealing6x
ARS,Flashset,gthys6y
RUB,Myworks,breckless6z
HTG,Roomm,rbowlesworth70
CNY,Fivespan,lnewns71
USD,Jayo,cgranleese72
JPY,Pixoboo,cmatushevitz73
YER,Yodo,cstoppe74
IDR,Blogtag,kgentery75
NGN,Oyoloo,jhanwell76
EUR,Zoonder,tlye77
NOK,Dabjam,ymanley78
UYU,Divanoodle,ecostelow79
TRY,Mycat,rwodeland7a
BOB,Podcat,abagot7b
CNY,Avamba,gmougin7c
CNY,Photospace,cvarsey7d
EUR,Fivebridge,bbale7e
SEK,Meembee,elumb7f
SEK,Mudo,lkubalek7g
EUR,Kwideo,sfrank7h
ALL,Quimba,msamber7i
CNY,Twiyo,ecousen7j
IDR,Izio,iambrogetti7k
PLN,Centidel,ptumility7l
CNY,Twitternation,lnelius7m
BRL,Quinu,amilburne7n
RUB,Shufflester,kfrantz7o
CNY,Yozio,thurch7p
CRC,Kazu,kbohills7q
EUR,Talane,hdamper7r
IDR,Tagcat,igolland7s
CAD,Meeveo,pspenton7t
SEK,Blogtag,clorand7u
COP,Mydo,fmarkwell7v
PLN,Avamba,tgreenig7w
CNY,Oyonder,jmcwaters7x
CNY,Kazio,bdrewery7y
JPY,Buzzshare,ftrimbey7z
IDR,Aivee,bcastelletto80
VEF,Oyonder,ecristofor81
BRL,Twitterlist,mscramage82
CNY,Tagcat,ltolchard83
CNY,Realfire,rsmeal84
CNY,Dablist,abiernacki85
EUR,Rhyzio,hziemsen86
NZD,Tagtune,sconboy87
EUR,Tagopia,agoaley88
CZK,Topicware,opickavant89
SEK,Eimbee,nhoundsom8a
CAD,Abatz,jrubinfeld8b
RUB,Realbridge,aneame8c
CNY,Devbug,bchristophle8d
PLN,Devshare,lgilligan8e
TND,Dynabox,adenisovich8f
UAH,Quatz,lpanketh8g
SYP,Browsecat,jhorsell8h
AZN,Photojam,rposselwhite8i
UAH,Gabspot,dwhistlecroft8j
BRL,Jayo,ctander8k
EUR,Topdrive,nlardnar8l
EUR,Skyble,acaroline8m
CNY,Rooxo,mberrisford8n
IDR,Oyonder,csollon8o
SEK,Innojam,rfranscioni8p
EUR,Quaxo,sbarrar8q
EUR,Brainbox,ishowering8r
IDR,Skaboo,mvolk8s
IDR,Dynazzy,ngull8t
TWD,Flipbug,tfredy8u
CNY,Meeveo,cterbeek8v
CNY,Gabtune,lbunny8w
CNY,Shufflester,mrubra8x
CNY,Babbleopia,cshelbourne8y
IDR,Mynte,bdarragon8z
TZS,Mydeo,aduligal90
IDR,Quinu,rbarrett91
MKD,Latz,kchirm92
KZT,Digitube,batwood93
USD,Yozio,akupec94
ZWL,Edgeblab,efirsby95
CNY,Tazzy,ahellsdon96
PLN,Trunyx,jbrea97
KZT,Vimbo,jpoulsen98
RUB,Tanoodle,cbagworth99
NGN,Buzzster,vnealand9a
ALL,Jaloo,abeetham9b
IDR,Linkbuzz,uohogertie9c
EUR,Topdrive,manand9d
PHP,Babblestorm,bjori9e
CNY,Kwinu,wberth9f
IDR,Youspan,gserridge9g
PLN,Zooveo,sfavey9h
EUR,Browseblab,abrenneke9i
EUR,Camido,fmartinek9j
IDR,Shufflester,trichardes9k
IDR,Zoombox,fbiddleston9l
AFN,Realcube,mbandt9m
EUR,Rhyloo,sskokoe9n
YER,Topicstorm,gpenson9o
RUB,Aibox,fbusswell9p
SYP,Quamba,jdumbarton9q
JPY,Skynoodle,eesherwood9r
SEK,Buzzbean,mmcilwreath9s
MXN,Tanoodle,slacroce9t
IDR,Skyba,qnisuis9u
PHP,Meejo,mbareham9v
IDR,Riffwire,lmoylan9w
RUB,Jaxbean,lagutter9x
IDR,Meevee,chalegarth9y
CNY,Topicware,ffarrington9z
CNY,Gabvine,cnardrupa0
CUP,Plajo,btrilla1
CNY,Zoonder,vspringa2
IDR,Innojam,bcalendara3
BRL,Aimbo,hsheardowna4
IDR,JumpXS,cklezmskia5
CNY,Skivee,nmaypowdera6
CNY,Zava,trainsa7
PLN,Yadel,stroreya8
MGA,Katz,bchamleya9
MGA,Mydeo,crebbeckaa
VND,Voonyx,hbunkerab
CNY,Lazz,pmundleac
DKK,Tagcat,alittrikad
JPY,Yombu,arockellae
CZK,Wikizz,shorsewoodaf
IDR,Thoughtsphere,jcosstickag
IDR,Wordpedia,aoboyah
IDR,Tanoodle,normistoneai
JMD,Fadeo,whaneyaj
IDR,Jabbercube,rkelsoak
PKR,Tanoodle,bramal
EUR,Blognation,lcunnellam
ARS,Plambee,pverchambrean
CNY,Skinix,hdumbellowao
USD,Rhyzio,cgallagherap
BGN,Quimm,tsimonardaq
USD,Ntags,lbarnetar
BDT,Blogspan,dlinnemannas
ZAR,Linktype,jmacshirrieat
SYP,Mynte,mgiffordau
PHP,Oyoba,fseeviourav
CNY,Flipstorm,fwigleyaw
CNY,Oyoyo,ntreswellax
PHP,Innojam,ppetrowskyay
CNY,Avaveo,fbernadeaz
SEK,Gigabox,cabbatuccib0
AFN,Wikibox,ttreffryb1
EUR,Voonix,mdibbsb2
SEK,Centimia,aaskemb3
PEN,Yadel,vmcfaterb4
PEN,Avavee,imontgomeryb5
IDR,Tagfeed,yhoulahanb6
CNY,Podcat,dslaineyb7
BRL,Riffpath,fsothcottb8
EUR,Quinu,jspeakb9
IDR,Mymm,lcammisba
CZK,Rhycero,wpointingbb
CNY,Yacero,lhewesbc
NIO,Zooveo,gsimakovbd
CNY,Aimbo,hcordaroybe
EUR,Wordware,jbrunonebf
UYU,Photospace,bwindressbg
CRC,Wikibox,emcneighbh
MXN,Realcube,mmeddemmenbi
MXN,Twiyo,jnorthenbj
IDR,Mydeo,dwilliamsbk
CNY,Edgeclub,seardleybl
VEF,Wikivu,obloodworthebm
PHP,Twitterwire,adyblebn
EUR,Skyvu,ochazelasbo
EUR,Linklinks,mstratfordbp
CAD,Babbleblab,pminchellabq
IDR,Oyonder,abrastedbr
PLN,Kayveo,kpinkardbs
IDR,Zoomzone,cahrenbt
CNY,Kwideo,jgilbertsonbu
RUB,Voomm,preynoldsonbv
XPF,Twimbo,cthrussellbw
IDR,Tagopia,wgutansbx
RUB,Quimba,sprosserby
RUB,Tagchat,mbailiebz
PLN,Devify,gsimonianc0
IDR,Yata,afawleyc1
CNY,Skyvu,bwoofendellc2
IDR,Jabbersphere,lparkissonc3
JPY,Riffpedia,tmidgleyc4
CNY,Demimbu,dwymerc5
HTG,Rhynoodle,msemblec6
CNY,Kaymbo,ychaytorc7
CNY,Gigashots,ksollonc8
PHP,Reallinks,dcroysdalec9
IDR,Thoughtstorm,kplettca
CNY,Divavu,mdowallcb
UAH,Blognation,fmcgilvarycc
PHP,Twinte,tdineencd
PHP,Mynte,tsoance
PEN,Realblab,awoodfieldcf
RSD,Topiczoom,cscoularcg
CDF,Eimbee,jjimsonch
CNY,Tagfeed,lhartlandci
SEK,Bluezoom,cvannahcj
CNY,Wordify,wkennetck
PLN,Vinder,oovenellcl
CNY,Feedmix,vhurlingcm
CNY,Zoozzy,nkinvancn
KRW,Innotype,rrysdaleco
KZT,Skinte,cprobettscp
KPW,Kare,kemeneycq
MXN,Yozio,gstroodcr
CNY,Riffpedia,fnicklencs
PLN,Browseblab,ipargetterct
PHP,Quinu,mjakovcu
CZK,Ainyx,adommerquecv
KPW,Mynte,wkeoghanecw
EUR,Bluejam,kpulleycx
IDR,Brainverse,tastoncy
CNY,Oyoba,jjohanssoncz
PLN,Riffwire,sgjerded0
COP,Mydeo,dgallacciod1
IDR,Jaxbean,htoulamaind2
EUR,Bubblemix,sbrattyd3
PHP,Dynava,rstonierd4
IDR,Quaxo,jferrariod5
CNY,Tagchat,bfannerd6
IDR,Lajo,jewelld7
EUR,Skipfire,fperuttod8
CAD,Photobean,rbernhardd9
EUR,Twitterwire,hjackettda
RUB,Mydeo,amarlendb
IDR,Nlounge,fkonraddc
PLN,LiveZ,joyleydd
EUR,Mynte,lspitellde
NPR,Eamia,lstegelldf
NOK,Trudeo,dmatveyevdg
EUR,Gabtype,kgaunterdh
PHP,Ailane,smabbotdi
IDR,Ailane,rmctavishdj
IDR,Riffpedia,stowrissdk
PEN,Leenti,vworsfielddl
EUR,Janyx,lkurtisdm
LTL,Plambee,mcarusdn
CNY,Roombo,ccoultardo
CNY,Browsetype,wibbottdp
PHP,Demivee,slinleydq
EUR,Podcat,rsandbachdr
EUR,Tagcat,rconnerryds
IRR,Dablist,ddoldendt
RUB,Wikizz,hlernihandu
CNY,Leexo,froberdsdv
IDR,Quatz,lhatjedw
IDR,Eayo,dscaddx
EUR,Agimba,dmacintoshdy
COP,Youbridge,eblannindz
CNY,Muxo,apumfreye0
THB,Zoonoodle,mkuhnwalde1
BRL,Chatterpoint,ithireaue2
JPY,Centidel,gsoutherille3
BRL,Avamm,tbuchee4
CNY,Trupe,mmatuszake5
PHP,Centimia,rwhitlocke6
USD,Zoonder,csewille7
PHP,Twitterlist,hfinniee8
MRO,Eayo,planstone9
PHP,Skyvu,lrisebrowea
IDR,Youtags,lwebleyeb
CNY,Plajo,mcrowleyec
CNY,Trudeo,pabramied
PHP,Zava,bburnsideee
CNY,Quamba,gwallbanksef
SEK,Latz,maucotteg
PEN,Gabvine,mmoroneyeh
USD,Topdrive,lgreenmanei
UAH,Livefish,afishpoolej
MXN,Edgeclub,dvalenteek
CNY,Innotype,aorhtmannel
KPW,Youopia,dhodgetsem
CNY,Feednation,djarleyen
BRL,Wikizz,frummingeo
NOK,Voonyx,cmclaineep
CNY,Twitterlist,haherneeq
BRL,Gigaclub,imacmenaminer
UAH,Divanoodle,lbuglares
PLN,Viva,ngrillset
USD,Agimba,ebeddoweu
CNY,Eire,sbrazelev
CNY,Quamba,brackew
CNY,Centizu,rsnalomex
JPY,Skibox,msellerey
PHP,Tanoodle,fgunsonez
NGN,Jaxnation,eoliphardf0
EUR,Yamia,mdriuttif1
PHP,Wordtune,ckeatesf2
IDR,LiveZ,ecanedof3
IDR,Quamba,fprykef4
XOF,Skinix,abretellef5
ARS,Zoonder,cglynf6
VEF,Mynte,eorvisf7
BDT,Jaxspan,lstarbuckef8
USD,Bluejam,pdruryf9
VND,Voonder,wlangstonfa
SYP,Mudo,awellbelovefb
CNY,Jaxworks,cnaismithfc
IDR,Yodel,ggarzafd
CNY,Blogspan,sspurgeonfe
JPY,Linklinks,africkerff
CNY,Buzzshare,erenfreefg
RUB,Youbridge,khemphillfh
SEK,Dabshots,bdowbakinfi
ARS,Realbridge,risaksenfj
JPY,Browsedrive,mtempestfk
JPY,Tagfeed,tsmithsonfl
SEK,Babbleblab,aivamyfm
RUB,Feedfire,ekingcotefn
JPY,Dabvine,nmcclunefo
MKD,Jamia,dclaricoatsfp
RUB,Vimbo,rjehanfq
VND,Edgeclub,gsprayfr
KZT,Gigabox,rmaffeyfs
IDR,Flipstorm,mtinhamft
CNY,Meetz,carnlifu
PHP,Quatz,nportmanfv
CNY,Meeveo,bjimefw
RUB,Kamba,jdalemanfx
RUB,Quimm,klessmarefy
CNY,Myworks,bspedronifz
BRL,Jabberstorm,jkobug0
EUR,Photofeed,rlongdeng1
JPY,Jaloo,cbraggintong2
JPY,Avamm,edearmang3
CNY,Voomm,mcraisterg4
UAH,Wikizz,jcolegateg5
COP,Jabbersphere,jhatwellg6
IDR,Jetwire,jappling7
EUR,Livefish,vdreierg8
PHP,Kamba,gsmeetong9
EUR,Vinte,nblondenga
XCD,Vimbo,srulegb
CNY,Wordware,hcastledinegc
UAH,Livepath,kmackegggd
NOK,Wikizz,gscoonge
HNL,Yoveo,edunstallgf
NIO,Skajo,dpietaschgg
CNY,Zoomdog,gnewartgh
BRL,Bubbletube,avandenbroekgi
EGP,Yombu,bivashechkingj
IDR,Twiyo,skintishgk
UAH,Skajo,lwilborgl
JMD,Browsezoom,ktongsgm
CNY,Flashdog,kbockengn
BRL,Jabbersphere,gconcannongo
NGN,Topicblab,aweallgp
IDR,Tagtune,rstillertgq
EUR,Meetz,ielveygr
CZK,Fatz,kleckenbygs
PHP,Yodel,fbaukhamgt
CNY,Aivee,sbeastongu
XOF,Divanoodle,pmaciaszczykgv
IRR,Dynabox,ngiraudeaugw
RUB,Skiptube,dpitkingx
CNY,Blogspan,krandalgy
IDR,Photofeed,kizacgz
RUB,Jetpulse,ecluerh0
USD,Rhycero,bamysh1
ILS,Browsebug,ftomsenh2
KZT,Kwimbee,wsetfordh3
PLN,Agimba,fbrecknockh4
EUR,Gabtune,sgehrelsh5
XAF,Roodel,pbollansh6
CNY,Gabtype,fmouserh7
CNY,Eadel,bdoxseyh8
CNY,Divape,agathh9
IDR,Devpoint,dpeskettha
AMD,Bluejam,bwebburnhb
CNY,Rhynyx,spedrozzihc
EUR,Myworks,nputtickhd
BRL,Browsedrive,sneadshe
JPY,Gigabox,adaineshf
IRR,Realblab,csmithenhg
MXN,Oloo,kformhh
NGN,Kanoodle,nbeardwellhi
PHP,Buzzdog,mkillikhj
JPY,Ailane,ffernihoughhk
CNY,Cogidoo,astaddenhl
VND,Jabbercube,vbartlomiejczykhm
CNY,Skinte,kbewshawhn
CNY,Realmix,jshwalbeho
CNY,Brainbox,edoldonhp
PHP,Yabox,ddonethq
BRL,Wordpedia,beichmannhr
CNY,Trudoo,jvaneyhs
EUR,Shuffledrive,jstirmanht
BDT,Mydo,dmadiganhu
IDR,Realcube,wcarabethv
CNY,Fivebridge,adegouyhw
MYR,Tambee,gfennhx
VND,Rhyzio,emacilhaggahy
EUR,Mycat,gkeemerhz
PEN,Aivee,mneachelli0
BYR,Photospace,skochlini1
IDR,Skiptube,rjuszkiewiczi2
CNY,Kamba,mambrosioi3
CNY,Miboo,mjoineri4
IDR,Skiba,ifibbingsi5
EUR,Yadel,dvanellii6
IDR,Demimbu,vvannuchii7
BRL,Skilith,theimsi8
BRL,Devpoint,kprateni9
CNY,Myworks,hbinyonia
CAD,Topicware,wpiatkowib
PHP,Topiczoom,taaronic
CNY,Youspan,aquenellid
PHP,Jayo,lrohanie
RUB,Vitz,rroukeif
CNY,Browsecat,ehuycheig
PLN,Kwinu,isimaih
CLP,Quire,edamrelii
CNY,Izio,shurlestoneij
PHP,Minyx,jtanmanik
IDR,Jamia,eromainil
UAH,Thoughtstorm,cfotherbyim
IDR,Skivee,talasdairin
PAB,Eayo,lolsenio
EUR,Jazzy,wkelingeip
GBP,Jetpulse,mmcginlayiq
ARS,Kanoodle,afreezerir
MKD,Dabshots,bskeinis
PHP,Oyonder,ldooreit
CNY,Quimba,cfarmaniu
RUB,Topicblab,ploftiv
CNY,Tagfeed,lrevaniw
BYR,Kaymbo,tjowersix
UGX,Tekfly,vbiernackiiy
CAD,Riffpedia,sfarrariz
IDR,Kare,bdenysj0
EUR,Tambee,acresserj1
RUB,Fliptune,acaulwellj2
UAH,Vinte,agooseyj3
UAH,Thoughtsphere,bmowbrayj4
AFN,InnoZ,gsmewinj5
SEK,Yacero,sburgenj6
EUR,Meembee,aphilipartj7
BRL,Feedspan,mvinsonj8
UZS,Leenti,lbonelliej9
CNY,Abata,ishillabeareja
CNY,Reallinks,reffordjb
HNL,Trunyx,lgiabuccijc
BRL,Zoomdog,nkleinmannjd
CNY,Browsedrive,mwinsperje
CNY,Feedbug,hcundyjf
EUR,Viva,hchernjg
RUB,Devshare,aohagirtiejh
ARS,Divanoodle,mwinscumji
ARS,Camimbo,hwilsonjj
XOF,Eamia,wtrusteyjk
CNY,Feedbug,spesikjl
IDR,Demizz,hgeavesjm
KZT,DabZ,bfarleighjn
COP,Trilith,moneilejo
CNY,Jabbertype,atobyjp
AZN,Voomm,mmeinjq
CNY,Mymm,dwhybornjr
RUB,Eire,bbefroyjs
CNY,Fiveclub,jscarrisbrickjt
THB,Zoombox,rklausenju
CNY,Photobean,kmomeryjv
PKR,Twitterwire,aschutzejw
JPY,Photofeed,fhamblingtonjx
IDR,Cogidoo,clyvonjy
PHP,Eidel,tbarfittjz
IDR,Quaxo,hbriknerk0
YER,Tagfeed,adixonk1
CZK,Voonte,lfazackerleyk2
CZK,Mymm,dstrippelk3
JPY,Feedmix,hodriscollk4
CNY,Aimbu,ispeeksk5
EUR,Shuffledrive,gmanserk6
ZAR,Layo,mvauterk7
CNY,Meejo,bmaddoxk8
RUB,Cogidoo,bveeversk9
IDR,Dabfeed,rdyhouseka
EUR,Pixoboo,srammellkb
UAH,Bubblebox,obalaskc
IDR,Innotype,cbusainkd
PHP,Voonte,ajamaryke
EUR,Reallinks,dmolandkf
PEN,Gabtune,fbiasettikg
EUR,Oyonder,dgittuskh
IDR,Flipopia,lcurnnokkki
MXN,Voonte,cpillingerkj
CNY,Zoonoodle,eamburgykk
CNY,Browsetype,dskalakl
RUB,Wikido,oeffauntkm
COP,Roombo,rgislebertkn
CNY,Edgeify,wgrennanko
NGN,Kare,lkeachkp
PHP,Yakidoo,hdonaghiekq
MKD,Browsezoom,cquoitkr
RUB,Wordtune,bjantonks
USD,Browsetype,tsermankt
IDR,Npath,sfeehanku
CNY,Tanoodle,sbuyerskv
CNY,Talane,plufkinkw
RUB,Pixonyx,sstubbingtonkx
JOD,Zazio,dmorphewky
PGK,Chatterpoint,dwingeattkz
IDR,Oyoloo,acarpenterl0
EUR,Quinu,cshorttl1
CAD,Leenti,rbalshenl2
PHP,Youfeed,mmcgilvral3
RUB,Yozio,uforseithl4
SOS,Skipfire,bquennelll5
SEK,Mymm,rligertwoodl6
CUP,Brainsphere,shellwigl7
THB,Ainyx,hwhitesonl8
PLN,Photolist,dcaughanl9
ARS,Flashspan,daleksankovla
JPY,Realcube,fjeffersonlb
IDR,Browsebug,cfortesquieulc
VEF,Minyx,eclinnickld
IDR,Oyondu,sfairlamle
IDR,Innojam,eheadlandlf
COP,Talane,tkiwitzlg
BTN,Cogilith,avaughtenlh
ZAR,Yodo,hlendremli
BWP,Zoonoodle,mbuttslj
EUR,Dabvine,dferenczlk
COP,Livefish,gkettlell
THB,Skiptube,glovewelllm
CZK,Dazzlesphere,konslowln
IDR,Yakidoo,khuzzeylo
KPW,Tekfly,tsmithlp
XOF,Linklinks,cwhittleslq
RUB,Jaxspan,wcorwinlr
GTQ,BlogXS,bonolanls
CNY,Yakitri,pgrasslt
VEF,Photofeed,efawdrielu
BRL,Vitz,kkitchinghanlv
IDR,Oyondu,belvinslw
VND,Quatz,floddonlx
SEK,Twitterwire,gpozerly
JPY,Jabberstorm,ayegorkovlz
CNY,Skibox,lbarrusm0
IDR,Yodel,fpearsm1
EUR,Oba,ehunem2
BRL,Photobean,mmastertonm3
EUR,Dynava,cjirakm4
EUR,Twitterbeat,nprobartm5
CNY,Bubblebox,rscandredm6
EUR,Avamba,rgreenawaym7
RUB,Aimbo,tfurseym8
IDR,Oyondu,jwestermanm9
PLN,Topicblab,spetfordma
EUR,Mymm,ghunnywellmb
PHP,Katz,svarleymc
CNY,Edgepulse,dpopworthmd
RUB,Yotz,dbezemerme
IDR,Twimbo,afennamf
IDR,Flipopia,asandermg
RUB,Dynazzy,bcrampmh
CNY,Ailane,kbleasmi
RSD,Meeveo,alutwychemj
DOP,Quamba,lleavesleymk
BWP,Yacero,jcranstounml
CNY,Rhynyx,mberfordmm
BYR,Tagtune,lbrigginshawmn
CNY,Devshare,lhartilmo
IDR,Photobean,jcobbledickmp
PEN,Zooveo,narchboldmq
ARS,Youopia,pbullivantmr
UGX,Thoughtsphere,msmythms
ALL,Edgeclub,ljakobssenmt
IDR,Buzzbean,tshyrammu
EUR,Jazzy,sphelipeauxmv
PHP,Tanoodle,dcourtinmw
CNY,Podcat,lfoymx
XAF,Yambee,nhowettmy
SEK,Voomm,comaramz
MNT,Zooxo,bbewshiren0
CNY,Kare,sblackeslandn1
JPY,Mycat,zauldsn2
ALL,Yodo,rgonouden3
ZMW,Leenti,tpeachmann4
PEN,Vipe,apolycoten5
ARS,Eabox,egrigolashvilln6
IDR,Fliptune,rconyardn7
MYR,Layo,bsimenotn8
MXN,Fiveclub,asineathn9
SAR,Zoombox,dspaldinna
CAD,Divanoodle,amerannb
BYR,Skibox,hvasishchevnc
PLN,Eayo,eblinkhornnd
EUR,Youspan,heberdtne
EUR,Bubblebox,kgoddennf
RUB,Flashpoint,pludyng
SEK,Rhynoodle,fmachostenh
CNY,Edgeblab,elandrethni
RUB,Browseblab,snoonnj
PEN,Edgeclub,lgreatheadnk
IDR,Demizz,ygiacovazzonl
ILS,Flashpoint,ualgatenm
KRW,Bubblebox,rdowdamnn
EUR,Yoveo,pventrisno
THB,Zoomcast,mtompkinsnp
IDR,Thoughtblab,tfaulkesnq
ILS,Shufflebeat,hsnelnr
XOF,Skibox,nrawcliffens
CNY,Flashset,sanslownt
CNY,Roodel,tfaltinnu
CNY,Youfeed,lbetznv
CNY,Oyoloo,kcanetnw
PLN,Skynoodle,qgroviernx
EUR,Browsebug,adallenderny
CNY,Meembee,jpipenz
EUR,Jabbersphere,aburberryo0
EGP,Gabspot,ecasbourneo1
USD,Yakidoo,bglandero2
MWK,Blogspan,gketchasideo3
IDR,Jamia,hmoorfieldo4
RUB,Buzzbean,ahallihano5
IDR,Snaptags,rkrugmanno6
GNF,Mydo,snarramoro7
CNY,Jabbersphere,rmaidlowo8
PHP,Twitternation,sbartholino9
CNY,Mudo,sloraineoa
PHP,Camido,mgeerob
IDR,Meezzy,jgoodliffoc
PLN,Linklinks,mcollcottod
PHP,Ntag,cdunlopoe
VND,Meevee,bbadgersof
GHS,Wordify,vcrawshawog
PHP,Meedoo,slarrowayoh
CNY,Jabbersphere,aironsideoi
CNY,Jetwire,blealleoj
KRW,Thoughtworks,cbrackenburyok
IDR,Twinder,ckingabyol
CNY,Yodoo,pmelroseom
RUB,Quatz,amacieiczykon
RUB,Jabberbean,svalaoo
EUR,Teklist,ascarrottop
RUB,Dynazzy,kgarzoq
RUB,Jabbercube,vshannahanor
CNY,Mydeo,ibrimmingos
LSL,Blogtags,lmoraledaot
CNY,Bubblebox,wgilbrideou
NGN,Fadeo,sbaradelov
MGA,Avamba,bkillgusow
PHP,Edgetag,canthesox
ZMW,Jamia,sluetkemeyeroy
HUF,Camimbo,gbillhamoz
USD,Agimba,aramsellp0
IDR,Ooba,lbuggp1
TMT,Trupe,wsautterp2
CNY,Skaboo,zruggierop3
IDR,Flashset,lridolfop4
ZAR,Voonte,dsaunperp5
COP,Browseblab,spebworthp6
THB,Gigaclub,ealenp7
NOK,Viva,lwarrillowp8
CAD,Yakitri,smcquillenp9
PHP,Trudoo,gsambellspa
KGS,Photofeed,adehailespb
IDR,Devshare,btrainerpc
CNY,Viva,gcannicottpd
CNY,Ailane,rbuddlespe
PHP,Vitz,zholtumpf
CNY,Skinte,gmaccroarypg
PAB,Voonix,ftokleyph
CNY,Tagopia,bbalsdonpi
VEF,Oyoba,gpenapj
ZAR,Bubblebox,rskahillpk
PLN,Livefish,bswinepl
PHP,Talane,tpallaskepm
PEN,Zoonoodle,asealypn
PHP,Photospace,lclotworthypo
PEN,Wordtune,abenettellipp
PHP,Brightdog,bdowallpq
UAH,Tekfly,arosternepr
EUR,Vimbo,acorssps
IDR,Aimbu,blampartpt
UAH,Eazzy,rjaniakpu
CNY,Yodoo,gtaudevinpv
KRW,Layo,gunittpw
BRL,Babbleset,mgiddingspx
CNY,Quire,kjordonpy
CNY,Avavee,mblagdenpz
AFN,Ailane,vbrodwayq0
CNY,Voonix,jbeddonq1
BAM,Twinte,hbodellq2
IDR,Realpoint,jmoormanq3
CNY,Gevee,chuggardq4
IDR,Vitz,jstollbergerq5
CNY,Yozio,ahammermanq6
RUB,Quinu,ablankauq7
XOF,Brightbean,pbrechq8
IRR,Abatz,bfeldhuhnq9
CNY,Brainbox,llindseyqa
EUR,Quatz,jcuttlesqb
CNY,Devify,nlomasnaqc
EUR,Izio,bsparkwellqd
PHP,Zava,tmertgenqe
ETB,Gigazoom,nsewardsqf
USD,Feedfish,gdesquesnesqg
IDR,Vipe,kbriggdaleqh
BRL,Mycat,djenkqi
IDR,Leexo,rverricoqj
ALL,Flashset,ipaynesqk
CNY,Kwinu,ddulsonql
EUR,Rooxo,tchapellqm
ZAR,Blogtags,rrainforthqn
CAD,Myworks,ltantqo
CNY,Gabtune,mrichtqp
EUR,Wikido,nvoseqq
EUR,Minyx,dkirkebyeqr
BSD,Realpoint,odumbrillqs
CNY,Rhycero,jbrookesbieqt
RUB,Topdrive,jdunstanqu
CNY,Riffwire,cshimwellqv
IDR,Zooxo,gweskerqw
ALL,Skajo,gmaciejewskiqx
RUB,Dynabox,jpadgettqy
IDR,Linklinks,lsnellmanqz
HNL,Topicblab,mmissingtonr0
CNY,Ozu,fmewtonr1
UAH,Photolist,azavattierir2
CNY,Chatterpoint,gshreenanr3
CNY,Twinder,wmatthewsr4
CHF,Skimia,ashirerr5
RSD,Meezzy,flittlemorer6
GBP,Fiveclub,tmcgeadyr7
PHP,Tagcat,bangover8
USD,Cogibox,vbaillier9
ZAR,Zoonder,ewhyera
EUR,Youspan,hquineyrb
SEK,Devshare,bhabberjamrc
HTG,Quamba,asalzenrd
CNY,Tagpad,mfallowfieldre
CNY,Camido,sboswardrf
BSD,Nlounge,rcroneenrg
PEN,Aivee,fleheuderh
GHS,Reallinks,kbalsillieri
EUR,Skibox,khendrixrj
CNY,Oyondu,bengledowrk
RUB,Wikibox,dswatmanrl
CAD,Voonder,omcpaikrm
NGN,Roombo,gholbarrowrn
HUF,Photobean,cbengtsonro
ILS,Ailane,cwincerrp
USD,Oodoo,cpreciousrq
PEN,Divanoodle,bdahlrr
